{
  "baseline_seconds": 2.3016496769996593,
  "registry_seconds": 2.273488891998568,
  "overhead_ratio": -0.012235043969767252
}