{
  "baseline_seconds": 2.31429929099977,
  "registry_seconds": 2.2974412709991157,
  "overhead_ratio": -0.007284286896778978,
  "registry_eval_ms_total": 8.7942789959925
}